modelo,error_medio_absoluto,r2_score
Regresion Lineal,42.794094679599944,0.45260276297191926
Arbol de Decision,54.52808988764045,0.060653981041140725
Random Forest,44.053033707865175,0.4428225673999313
